question_id,mode,difficulty,tags,factual_accuracy,reasoning_quality,completeness,total,iterations,cost_estimate_usd,elapsed_seconds,claim,explanation
Q1,no_loop,medium,monetary_policy;inflation;recession,8,9,7,8.0,1,,,"The Fed largely achieved a soft landing in narrative terms — no recession occurred and core PCE inflation fell substantially from its ~5.6–5.8% peak in 2022 — but the ""landing"" is incomplete: core PCE","The agent answer is largely accurate on core numbers (5.6–5.8% peak, 2.8–3.0% by late 2024, 525bps tightening, no recession) and correctly interprets the soft landing as achieved on both recession avoidance and meaningful disinflation grounds. Minor issues: the reference states core PCE peaked at ~5.6% in Feb 2023, while the agent cites both Feb 2022 (~5.6%) and Sep 2022 (~5.83%), which adds precision but slightly complicates the narrative. The agent also extends the analysis through Sep 2025 (beyond reference scope), noting stalled progress at 2.7%, which is insightful but introduces forward-looking claims outside the 2022–2023 cycle definition. The reasoning is sophisticated and well-evidenced, but the answer's nuanced claim that the landing is ""incomplete"" or ""stalled"" somewhat hedges the conventional soft-landing judgment that the reference endorses more directly."
Q2,no_loop,easy,yield_curve;recession_prediction;monetary_policy,6,8,7,7.0,1,,,"Yes, the 2022–2024 U.S. 10Y-2Y yield curve inversion was substantially more persistent than the 2006–2007 inversion — roughly twice as long in continuous duration (~26 months vs. ~12 months) and appro","The agent correctly identifies that the 2022–2024 inversion was more persistent and deeper than 2006–2007, with accurate duration (~26 vs ~12 months) and correct direction on depth. However, a critical factual error undermines credibility: the agent claims the 2006–2007 trough was –19 bps when the reference indicates –50 to –70 bps, a 3–4x underestimate. The reasoning is sound and well-detailed, but this magnitude error on the 2006–2007 comparison weakens factual accuracy. The agent also provides valuable additional detail (the March–June 2006 interruption, Sept 2024 confirmation) and correctly notes the 2023 lack of recession, making the answer substantively richer than the reference despite the depth discrepancy."
Q3,no_loop,easy,wages;inflation;labor_market,9,9,9,9.0,1,,,"Real (inflation-adjusted) average hourly earnings DECLINED during the 2021–2022 U.S. inflation surge. Real AHE fell roughly 3–4% from early 2021 to its mid-2022 trough, with the official BLS year-over","The agent's answer is factually robust, citing specific FRED data points (nominal AHE, CPI-U levels), computed real AHE indices, and corroborating BLS official releases with precise year-over-year declines (–2.6% Apr–Apr, –1.7% Dec–Dec, –4.22% peak-to-trough). The magnitude (3–4% peak decline) aligns tightly with the reference answer. The reasoning correctly attributes the decline to nominal wage growth (~5%) being outpaced by CPI inflation (~9.1% peak), matching the reference's arithmetic logic. Minor deductions apply only because the response trails off mid-sentence at the end ('Note that the picture depends on which deflator (') and could have briefly noted the 2023 recovery pattern mentioned in the reference, though the core 2021–2022 analysis is nearly complete and accurate."
Q4,no_loop,medium,labor_market;covid;sector_analysis,7,8,6,7.0,1,,,"Leisure & hospitality drove the U.S. employment recovery far more strongly than professional & business services in the 12 months following the April 2020 COVID trough, adding roughly 4.85 million job","The agent correctly identifies leisure & hospitality as driving stronger absolute recovery (4.85M vs 1.88M jobs), with accurate percentage gains (55.6% vs 9.8%). However, the absolute job recovery figures are slightly understated compared to the reference (5.5M vs agent's 4.85M for L&H; 2.5M vs agent's 1.88M for PBS), and the agent fails to acknowledge the important nuance that professional & business services actually achieved a higher proportional recovery of its losses (~74% vs ~62%), which meaningfully qualifies the ""far more strongly"" claim. The reasoning is sound but incomplete."
Q5,no_loop,hard,monetary_policy;inflation;money_supply;leading_indicator,9,9,8,8.67,1,,,"In the 2020–2022 episode, M2 acceleration did clearly precede the CPI surge with a lag of roughly 12–16 months, matching the classic monetarist ""long and variable"" timing. However, the lag relationshi","The agent's answer is factually sound on core claims: M2 peak at ~26.9% YoY in Feb 2021, CPI peak at ~9.0% in Jun 2022, yielding a ~16-month lag that matches the reference's 15-month estimate and monetarist 12–24 month framework. Specific FRED numbers are accurate (e.g., M2 Feb 2020 +6.8%, Feb 2021 peak +26.8%, CPI Jun 2022 +9.0%). The agent goes further by introducing the 2008–2014 counterexample and velocity mechanism, enriching the analysis beyond the reference answer. Minor deductions apply because the 1970s evidence is sketched lightly (exact M2 timing and CPI lag dates could be more precise) and the answer cuts off mid-sentence at the end, suggesting incomplete editing. The two-part framing (part a vs. part b) is pedagogically strong but introduces nuance (""not historically consistent"") that the reference answer does not address—this is valuable but slightly beyond the reference scope."
Q6,no_loop,easy,recession;unemployment;gdp;leading_lagging_indicators,9,9,8,8.67,1,,,"Unemployment lagged real GDP during the Great Recession. The unemployment rate peaked roughly 2 quarters after real GDP bottomed: real GDP troughed in 2009 Q2, while unemployment peaked at 10.0% in Oc","The agent's answer is factually sound and well-supported by FRED data. The core claim that unemployment lagged GDP by ~2 quarters (GDP trough Q2 2009 → unemployment peak Q4 2009) is correct and matches the reference. The agent provides more granular detail and acknowledges the ~1-quarter lag from recession end to unemployment peak, which aligns with the reference's emphasis on the 1–2 quarter range. Minor deduction for factual_accuracy: the agent states unemployment was 9.3% in Dec 2010 (should verify exact figure), and the phrasing ""2008Q3-Q4"" for both GDP and UR acceleration is slightly imprecise—GDP decline was steeper later. Reasoning is excellent with clear lag identification and jobless recovery context. Completeness is strong but could mention Okun's Law explicitly (referenced in the reference answer) to fully align with the macroeconomic framework."
Q1,loop_1,medium,monetary_policy;inflation;recession,7,8,6,7.0,2,,,The Fed achieved a qualified — but not unambiguous — soft landing: core PCE inflation fell from a +5.60% YoY peak (Feb 2022) to roughly +2.8–3.0% YoY in late 2024 / early 2025 without an NBER-dated re,"The agent correctly identifies core PCE peak (~5.6%, though dates Feb 2022 vs Feb 2023—a critical error), Fed funds trajectory (525bp correct), unemployment dynamics, and crucially adds the Sahm Rule trigger and supply-side decomposition, which the reference omits. However, the agent conflates Q1 2022 data (pre-hike cycle) with 2023 outcomes and overstates disinflation stalling when reference period (through end-2023) actually showed convergence to ~2.7%. The agent's 'qualified no' contradicts the cleaner reference verdict but with more nuance; the Feb 2022 vs Feb 2023 peak date confusion is a material factual slip that undermines precision, though directional claims remain sound."
Q2,loop_1,easy,yield_curve;recession_prediction;monetary_policy,7,9,8,8.0,2,,,Yes — the 2022–2024 U.S. 10Y–2Y yield curve inversion was substantially more persistent AND deeper than the 2006–2007 inversion. The 2022–2024 episode ran continuously negative for ~25.5 months (Jul 6,"The agent's answer correctly affirms that 2022–2024 inversion was more persistent and deeper, with accurate max depth (–108 bps) and duration (~25.5 months uninterrupted). However, the reference states 2006–2007 depth as –50 to –70 bps, while the agent reports –19 bps maximum; this discrepancy on the historical inversion's magnitude (off by roughly 3–4x) warrants caution, though the directional comparison and core claim remain sound. The reasoning is methodical and well-evidenced with FRED citations; completeness is strong, including the important recession outcome note. The agent's precision on dates and trading-day counts exceeds the reference but introduces minor boundary ambiguity in late August 2024 that slightly clouds the 'uninterrupted' claim."
Q3,loop_1,easy,wages;inflation;labor_market,7,9,8,8.0,2,,,"Real average hourly earnings declined modestly during the 2021–2022 inflation surge, but the magnitude depends critically on baseline and deflator. Measured from a clean pre-pandemic baseline (Feb 202","The agent's answer is factually sound and provides substantially more detail and nuance than the reference, with verified FRED data showing real AHE declined ~3.25% (CPI-deflated) during the 2021–2022 surge, consistent with the reference's ~3–4% YoY peak decline in June 2022. The agent correctly identifies the baseline contamination issue and provides composition-adjusted metrics (ECI), which strengthens the analysis. Minor deductions for incomplete sentence at the end and slight ambiguity about whether the reference's 'YoY' peak rates (~–3.5%) align with the agent's period-based calculations, though the magnitudes align well. The agent exceeds the reference in methodological sophistication by distinguishing AHE (composition-biased) from ECI (fixed-bundle) measures, a crucial distinction for inflation analysis."
Q4,loop_1,medium,labor_market;covid;sector_analysis,7,8,6,7.0,1,,,Leisure & hospitality drove the U.S. employment recovery far more strongly than professional & business services in the 12 months after the April 2020 COVID trough — adding roughly 4.85 million jobs (,"The agent correctly identifies leisure & hospitality as the stronger driver in absolute terms (+4.85M vs +1.88M) with accurate FRED citations and sound causal reasoning about lockdown impacts. However, the numbers diverge slightly from the reference (reference cites ~5.5M and ~2.5M gains; agent reports 4.849M and 1.880M), suggesting either data vintage differences or minor FRED series selection issues—sufficient to dock 2–3 points on factual precision. The agent omits the important nuance that professional & business services actually recovered a larger *percentage* of its own losses (~74% vs ~62%), which is a material analytical point that weakens completeness."
Q5,loop_1,hard,monetary_policy;inflation;money_supply;leading_indicator,9,9,8,8.67,1,,,"M2's 2020 acceleration did precede the 2021–22 CPI surge by roughly 12–16 months, consistent with monetarist ""long and variable lag"" claims — but the historical record is mixed: a similar lag held loo","The agent's core factual claims align closely with the reference: M2 peaked at ~26.8–27% YoY in Feb 2021, CPI accelerated sharply in Apr 2021 and peaked ~15–16 months later in Jun 2022, fitting the 12–24 month monetarist lag. Numerics are accurate (15.493T→19.6T in Feb 2020→2021; CPI 1.7%→8.98%). The agent's reasoning depth exceeds the reference by critically examining historical inconsistency (1970s vs. 2008–14 QE), correctly flagging velocity collapse and fiscal regime differences as confounds, and citing specific research (Hanke/Greenwood, St. Louis Fed). Minor deductions: the agent's M2 level for Feb 2022 (~$21.7T in reference) is not explicitly provided in the agent answer (which focuses on YoY growth rates), though this is implicit in the calculations shown. The agent's claim that the 2020–22 relationship is 'striking but not historically reliable' is more cautious than the reference's implicit endorsement of consistency with 'historical monetarist range,' which the agent acknowledges but appropriately contextualizes. The open questions, while intellectually honest, slightly dilute confidence in the core claim without resolving them."
Q6,loop_1,easy,recession;unemployment;gdp;leading_lagging_indicators,6,7,5,6.0,2,,,"The lead/lag relationship between unemployment and real GDP during the 2008–2009 Great Recession was asymmetric. At the onset, the unemployment rate's initial drift higher LED the GDP level peak by ro","The agent correctly identifies the primary lag (1–2 quarters, GDP trough Q2 2009 → UNRATE peak Q4 2009) and invokes Okun's Law appropriately. However, the claim about a 3–4 quarter lead at onset is problematic: unemployment rising from 4.4% to 4.7% (May–July 2007) is a modest 30 bps drift, not a clear economic signal, and the timing relative to the December 2007 official recession start is overstated. The core answer aligns with the reference, but the asymmetry argument and cross-correlation evidence lack rigor and distract from the main finding. The answer is more comprehensive than the reference but introduces unsubstantiated complexity."
Q1,loop_n,medium,monetary_policy;inflation;recession,6,5,4,5.0,4,,,"The Fed achieved a partial/incomplete soft landing from the 2022–2023 hiking cycle: no NBER recession was declared and inflation fell substantially from its peak, but as of the latest firm data (Sep 2","The agent provides correct data points (core PCE peaked ~5.6%, fell substantially, no NBER recession declared) but fundamentally misframes the question by extending the evaluation horizon to September 2025, well beyond the 2022–2023 cycle the reference answer addresses. The reference answer correctly evaluates the 2022–2023 cycle as a soft landing by end-2023 standards; the agent's claim of 'partial/incomplete soft landing' reflects late-2025 deterioration irrelevant to the original question's time frame. The agent's data on recent inflation re-acceleration and labor market softening are factually sound but shift the goalposts rather than answer what was asked. Missing direct engagement with whether the 2022–2023 cycle itself succeeded by conventional definition."
Q2,loop_n,easy,yield_curve;recession_prediction;monetary_policy,7,9,8,8.0,4,,,"Yes — the 2022–2024 U.S. 10Y–2Y yield curve inversion was substantially more persistent and deeper than the 2006–2007 inversion. Under a strict ""unbroken-streak"" standard it lasted ~782 calendar days ","The agent's core claim—that 2022–2024 was more persistent and deeper than 2006–2007—is correct and well-supported by FRED data. The 782-day unbroken streak vs. ~215 days and −1.08 pp vs. −0.19 pp depth are accurate and exceed the reference's vaguer 24-month and −100bps framing. However, the agent claims the 2006–2007 inversion lasted ~12 months, but the agent's own corrected analysis shows the longest unbroken streak was 215 calendar days (~7 months), and the reference's '~12 months' for 2006–2007 is itself imprecise—suggesting some ambiguity in how both sources define the episode. The agent provides superior granularity and day-level verification but does not address the key reference point: that despite its persistence, the 2022–2023 inversion did not produce a declared recession through end-2023, challenging its predictive power. This omission slightly reduces completeness relative to the reference's emphasis on this anomaly."
Q4,loop_n,medium,labor_market;covid;sector_analysis,6,7,5,6.0,4,,,"In the 12 months after the April 2020 trough, leisure & hospitality (L&H) drove the absolute job rebound (+4,849k vs. +1,880k for professional & business services), but once PBS is decomposed into its","The agent's absolute job gains for L&H (+4,849k) align well with the reference (~5.5M), but PBS recovery is materially misstated: the agent reports +1,880k vs. the reference's ~2.5M, a significant 33% undercount that distorts the core comparison. The agent correctly identifies L&H's leadership on absolute gains and provides sophisticated decomposition (temp-help analysis, trend deviations), but this methodological depth does not compensate for the baseline factual error on PBS recovery magnitude. The recovery-share calculations (59% vs 62% for L&H; 83% vs 74% for PBS) diverge from reference values—the agent's higher PBS percentage reflects the undercounted denominator. The response demonstrates intellectual rigor and nuance but undermines credibility by stating numbers with high precision while missing the reference's core quantitative claim."
Q5,loop_n,hard,monetary_policy;inflation;money_supply;leading_indicator,9,8,7,8.0,2,,,"The 2020 M2 surge did precede the 2021–2022 CPI surge by roughly 16 months when measured as YoY-growth-rate peak (Feb 2021) to YoY-CPI peak (Jun 2022), broadly consistent with monetarist 12–24 month t","The agent's core claim matches the reference (16-month lag, 26–27% M2 YoY peak, ~9% CPI peak in Jun 2022, 12–24 month window consistency) with precise numerical alignment. The answer exceeds the reference by explicitly examining historical counterexamples (2001–04, 2009–11) and the causality caveat, demonstrating deeper analytical rigor. However, the agent's claim that M2 is 'not a historically reliable leading indicator' goes slightly beyond the reference's narrower scope, and the discussion of 1976–80 as a 36+ month lag somewhat weakens rather than strengthens confidence in the monetarist mechanism. Minor: the agent claims 'medium' confidence while providing strong quantitative support, which slightly mismatches self-assessed certainty to evidence density."
Q6,loop_n,easy,recession;unemployment;gdp;leading_lagging_indicators,9,9,10,9.33,4,,,Labor-market indicators LAGGED real GDP at the Great Recession's trough. The unemployment rate (U-3) peaked at 10.0% in Oct 2009 — roughly 1–2 quarters after the GDPC1 trough in 2009Q2 — though U-3 st,"The agent answer is factually accurate and well-supported by extensive quantitative evidence (GDPC1, PAYEMS, UNRATE, U6RATE series with precise monthly/quarterly values). The core finding—unemployment lagged GDP by 1–2 quarters, with U-3 peaking at 10.0% in Oct 2009, roughly 4 months after the 2009Q2 GDP trough—matches the reference answer exactly. The agent goes further by transparently addressing methodological sensitivity (quarterly-to-monthly alignment), documenting the extended plateau of elevated unemployment (Sep 2009–Apr 2010), and providing broader context (NBER Dec 2007 peak, PAYEMS behavior). Minor deduction: the answer is dense and could prioritize the core 1–2 quarter lag claim more prominently upfront, though all key evidence is present and accurate."
